{
  "model": "log",
  "baseline": 2.7319679260253906,
  "k": 0.15,
  "epsilon": 0.01,
  "calibrated": false,
  "w_fix": 0.7,
  "l_background": 0.25,
  "plr_lowpass_hz": 2.0,
  "rmse_mm": 0.3949406827891829,
  "r2": -0.04503949800362328,
  "n_samples": 1260
}