{
  "model": "log",
  "baseline": 2.453449010848999,
  "k": 0.15,
  "epsilon": 0.01,
  "calibrated": false,
  "w_fix": 0.7,
  "l_background": 0.25,
  "plr_lowpass_hz": 2.0,
  "rmse_mm": 0.4688577749881358,
  "r2": -0.1752957737797245,
  "n_samples": 5089
}