{
  "model": "log",
  "baseline": 2.58724308013916,
  "k": 0.15,
  "epsilon": 0.01,
  "calibrated": false,
  "w_fix": 0.7,
  "l_background": 0.25,
  "plr_lowpass_hz": 2.0,
  "rmse_mm": 0.42164028986830293,
  "r2": -0.003903006465369785,
  "n_samples": 5050
}